<?xml version="1.0" encoding="UTF-8"?>
<data>
  <title>test2</title>
  <name>nomAddOn4</name>
  <version>
    <num date="2021-06-19">1</num>
  </version>
  <emajine_compatibility>
    <min-version>2.13a</min-version>
  </emajine_compatibility>
  <webo_shop_info>
    <key/>
    <url/>
    <author>
      <name><![CDATA[Laura]]></name>
      <email/>
    </author>
  </webo_shop_info>
  <description><![CDATA[test2]]></description>
  <compatibility><![CDATA[e-majine 2.13a et +]]></compatibility>
</data>
